,CAFAP,Round-Robin,DDPG-PST,PPO-PST,CPO,Fixed-Penalty SAC,TC-CPL (M1+M2+M3),Optimal
ϵtr  (kW²),11664.787590285072,6279.225263119749,9758.751027732069,15435.99524954096,12156.794774458436,7834.420879578013,7413.303958828375,3536.5469313170115
|ϵtr|  (kWh),202.46746490734643,134.95977486122177,183.22284026543585,234.25509754911505,218.0104086712502,156.65885500031285,148.10962512197477,125.87201588805655
ϵsur  (kW),158.69168156697717,0.0,88.85566061594578,3.223745020409436,1.163790813243065,64.94305680016356,47.35326759447913,3.7753937506490585e-07
ϵusr,0.9980807950396604,0.9706216497805954,0.9629932771975376,0.7948627911443501,0.8214565578529214,0.996506550995438,0.9962199823753134,0.9949860399766071
Transformer overload (kWh),0.0,0.0,0.0,0.0,0.0,0.0,0.0,0.0
Overload per MWh delivered,0.0,0.0,0.0,0.0,0.0,0.0,0.0,0.0
Energy delivered (kWh),172.43182932649788,160.26434005199985,156.60845475846207,62.64328486823148,77.85849210954999,171.03678831299055,170.79112358848636,169.35714557421414
Unmet demand (%),0.004238431735014387,2.799563158026516,3.5477058386751446,20.403287647171673,17.727133378980223,0.17540507547459655,0.20441043009590984,0.32507216053397003
Voltage violation (p.u.),0.0,0.0,0.0,0.0,0.0,0.0,0.0,0.0
Profit (€),-33.38457071760942,-29.359065366261945,-29.332626516271137,-11.364662153903886,-13.428464787191828,-32.0666634665709,-31.879346114724353,-30.44410092143751
Battery degradation,0.0005257865763488591,0.00047914400134648996,0.00048437679512927233,0.000312406516476356,0.0003308505225168233,0.0005169021897624728,0.0005161250747172959,0.0004836055757021306
Episode return,-4770.729183516563,-5527.464083562305,-6546.506038096207,-15389.380539412161,-12047.061062112934,-3613.6591865312093,-3477.874766032242,-3489.3177900278283
